Reflexly,Unageing,Vinegary,Dotation,Spoonful,Dingiest,Haftarah
Mistreat,Monocyte,Tamarind,Blamably,Outliner,Whelping,Braunite
Oppilant,Hereaway,Axillary,Squalene,Winterer,Balladry,Shoepacs
Enviably,Subbreed,Ustulate,Jiujitsu,Trolling,Haematal,Keeshond
Examples,Spritzes,Geraniol,Corvette,Delation,Gheraoes,Satiable
Serosity,Provided,Minatory,Overcram,Reaginic,Liveners,Culprits
Affixial,Resinoid,Seascape,Starving,Whinnier,Chomping,Bookings
Sclerite,Yummiest,Authored,Alarming,Dinkiest,Laryngeal,Boulders
Sorcerer,Forefeel,Outspell,Curtalax,Misusage,Doupioni,Slinking
Rehinges,Loudness,Labrusca,Beeyards,Branches,Peytrels,Engineer
Arsenite,Effecter,Etouffee,Bradawls,Zoospore,Morrises,Articled
Hommocks,Tankages,Pennated,Floatels,Pumpkins,Choreoid,Espouser
Sweetsop,Sandbank,Pokiness,Canaries,Aglycone,Unrusted,Gripsack
Siluroid,Effected,Druggier,Abapical,Offprint,Posttest,Eviction
Goitrous,Psephite,Emotions,Fleering,Avowably,Mannitol,Urethans
